Product URL,Product Name,Product Price,Rating,Number of Reviews
https://amazon.in/Wesley-Milestone-Waterproof-Backpack-Business/dp/B084JGJ8PF,Wesley Milestone 2.0 Casual Waterproof Laptop Backpack/Office Bag/School Bag/College Bag/Business Bag/Travel Backpack (Dimensions:13x18 inches) (Compatible with 15.6 inch laptop) 30 L (Blue & black),499,4.3 out of 5 stars,"13,255"
https://amazon.in/American-Tourister-AMT-SCH-02/dp/B07CJCGM1M,American Tourister Fizz Large Size 32 Ltrs Casual Backpack (BLACK),"1,108.",4.0 out of 5 stars,"56,371"
https://amazon.in/FUR-JADEN-Leatherette-Polypropylene-DUFF05/dp/B07M9BRCQ5,Fur Jaden Brown Textured Leatherette Stylish & Spacious Weekender Duffle Bag for Travel,899,4.3 out of 5 stars,"6,894"
https://amazon.in/Amazon-Basics-Laptop-College-Backpack/dp/B0C8NSJ4RD?sbo=RZvfv%2F%2FHxDF%2BO5021pAnSA%3D%3D,"Lenovo 15.6"" (39.62cm) Slim Everyday Backpack, Made in India, Compact, Water-resistant, Organized storage:Laptop sleeve,tablet pocket,front workstation,2-side pockets,Padded adjustable shoulder straps",499,4.0 out of 5 stars,8
https://amazon.in/Amazon-Basics-Laptop-Backpack-Repellent/dp/B09W3XLDM2?sbo=RZvfv%2F%2FHxDF%2BO5021pAnSA%3D%3D,ADISA 32 Ltrs Water Resistant Casual Travel Bagpack/College Backpack/School Office Bag for Men and Women,599,4.2 out of 5 stars,642
https://amazon.in/Amazon-Basics-Casual-Backpack-15-6-inch/dp/B09W4WJ1CB?sbo=RZvfv%2F%2FHxDF%2BO5021pAnSA%3D%3D,"Safari Omega 30L Laptop Backpack with Raincover, school bag for boys and girls, college bag, office bag, travel bag for men and women, Teal",359,4.0 out of 5 stars,422
https://amazon.in/MosQuick%C2%AE-Drawstring-Organizing-Stationery-multipurpose/dp/B09SB5DP5Y?sbo=EO%2BcdOgoisx3waG5xqcZQA%3D%3D,Ezee Black Medium Garbage Bags 90 Pcs | 19 X 21 Inch | 30 Pcs x Pack of 3 | Dustbin Trash Bag,289,4.2 out of 5 stars,92
https://amazon.in/Amazon-Brand-Presto-Oxo-Biodegradable-Garbage/dp/B08TDCD79P?sbo=RZvfv%2F%2FHxDF%2BO5021pAnSA%3D%3D,Wesley Spartan Unisex Travel Hiking Laptop Bag fits Upto 17.3 inch with Raincover and Internal Organiser Backpack Rucksack College Bag,389,4.2 out of 5 stars,"1,036"
https://amazon.in/Amazon-Brand-Presto-Oxo-Biodegradable-Garbage/dp/B08TDH2LCP?sbo=RZvfv%2F%2FHxDF%2BO5021pAnSA%3D%3D,POLICE Backpack for Men Casual Laptop Bag Office/Travel/College 30 LTR Hedge Polyester - Black- Medium,220,4.2 out of 5 stars,"1,088"
https://amazon.in/Amazon-Brand-Presto-Oxo-Biodegradable-Garbage/dp/B08TDGVLVM?sbo=RZvfv%2F%2FHxDF%2BO5021pAnSA%3D%3D,TRUE HUMAN EMPEROR® Anti-Theft backpack With USB charging Port Laptop bag/Office bag/college bag/travel bag with anti -theft back pocket (LEGEND),169,4.4 out of 5 stars,544
https://amazon.in/Amazon-Brand-Presto-Oxo-Biodegradable-Garbage/dp/B0821PKWBW?sbo=RZvfv%2F%2FHxDF%2BO5021pAnSA%3D%3D,ADISA Laptop Backpack 31 Ltrs,299,4.3 out of 5 stars,"15,933"
https://amazon.in/Lenovo-15-6-Inches-Everyday-Backpack/dp/B08R7RPVJF,"FUR JADEN Anti Theft Number Lock Backpack Bag with 15.6 Inch Laptop Compartment, USB Charging Port & Organizer Pocket for Men Women Boys Girls",325,4.4 out of 5 stars,"5,289"
https://amazon.in/ADISA-BP010-Weight-Casual-Backpack/dp/B07MXL986B,Half Moon Large 37L Laptop Bag Backpack for menं Women Boys and Girls Luggage Travel Bags with 17.3 inches Laptop Compartment & Rain Cover,449,3.9 out of 5 stars,"4,295"
https://amazon.in/Safari-Laptop-Backpack-Raincover-college/dp/B097JH4V5G,Shalimar Premium OXO - Biodegradable Garbage Bags (Medium) Size 19 x 21 Inches 4 Rolls 120 Bags Dustbin Bag/Trash Bag - Black Color,374,4.0 out of 5 stars,165
https://amazon.in/Ezee-Garbage-Bag-inches-Pieces/dp/B06VX8YR6Q,"Half Moon 35L Water Resistant 15.6 inch Laptop Bag/ Backpack, Navy Blue | Office Bag for Men and Women with Padded Laptop Compartment | Rain Cover & Reflective Strips",469,4.2 out of 5 stars,"28,709"
https://amazon.in/Wesley-Spartan-Hiking-Raincover-Organiser/dp/B098QFF5TJ,"FUR JADEN Anti Theft Number Lock Backpack Bag with 15.6 Inch Laptop Compartment, USB Charging Port & Organizer Pocket for Men Women Boys Girls",699,4.1 out of 5 stars,"1,959"
https://amazon.in/Police-Polyester-laptop-casual-backpack/dp/B09CQ5T3LN,Wesley Milestone 2.0 Casual Waterproof Laptop Backpack/Office Bag/School Bag/College Bag/Business Bag/Travel Backpack (Dimensions:13x18 inches) (Compatible with 15.6 inch laptop) 30 L (Blue & black),195,3.8 out of 5 stars,"1,339"
https://amazon.in/TRUE-HUMAN-Anti-Theft-backpack-charging/dp/B09QJ7ZF2Y,American Tourister Fizz Large Size 32 Ltrs Casual Backpack (BLACK),689,3.7 out of 5 stars,"2,775"
https://amazon.in/ADISA-BP004-Weight-Casual-Backpack/dp/B07G3CG9FC,Fur Jaden Brown Textured Leatherette Stylish & Spacious Weekender Duffle Bag for Travel,729,4.0 out of 5 stars,"9,234"
https://amazon.in/Number-Backpack-Compartment-Charging-Organizer/dp/B09VTDMRY7,"Lenovo 15.6"" (39.62cm) Slim Everyday Backpack, Made in India, Compact, Water-resistant, Organized storage:Laptop sleeve,tablet pocket,front workstation,2-side pockets,Padded adjustable shoulder straps","1,329",4.1 out of 5 stars,"6,695"
https://amazon.in/Half-Moon-Backpack-Luggage-Compartment/dp/B09VCLZ3K4,ADISA 32 Ltrs Water Resistant Casual Travel Bagpack/College Backpack/School Office Bag for Men and Women,999,3.9 out of 5 stars,"3,857"
https://amazon.in/Shalimar-Premium-Garbage-Medium-Rolls/dp/B07KT9Q54M,"Safari Omega 30L Laptop Backpack with Raincover, school bag for boys and girls, college bag, office bag, travel bag for men and women, Teal",349,4.5 out of 5 stars,"18,734"
https://amazon.in/Half-Moon-Waterproof-Backpack-Students/dp/B085MHDJ93,Ezee Black Medium Garbage Bags 90 Pcs | 19 X 21 Inch | 30 Pcs x Pack of 3 | Dustbin Trash Bag,375,3.9 out of 5 stars,"17,623"
https://amazon.in/Number-Backpack-Compartment-Charging-Organizer/dp/B09VTCNN75,Wesley Spartan Unisex Travel Hiking Laptop Bag fits Upto 17.3 inch with Raincover and Internal Organiser Backpack Rucksack College Bag,799,4.1 out of 5 stars,"6,695"
https://amazon.in/Wesley-Milestone-Waterproof-Backpack-Business/dp/B084JGJ8PF,POLICE Backpack for Men Casual Laptop Bag Office/Travel/College 30 LTR Hedge Polyester - Black- Medium,999,4 Stars & Up,"13,255"
https://amazon.in/American-Tourister-AMT-SCH-02/dp/B07CJCGM1M,TRUE HUMAN EMPEROR® Anti-Theft backpack With USB charging Port Laptop bag/Office bag/college bag/travel bag with anti -theft back pocket (LEGEND),318,3 Stars & Up,"56,371"
https://amazon.in/FUR-JADEN-Leatherette-Polypropylene-DUFF05/dp/B07M9BRCQ5,ADISA Laptop Backpack 31 Ltrs,799,2 Stars & Up,"6,894"
https://amazon.in/Amazon-Basics-Laptop-College-Backpack/dp/B0C8NSJ4RD?sbo=RZvfv%2F%2FHxDF%2BO5021pAnSA%3D%3D,"FUR JADEN Anti Theft Number Lock Backpack Bag with 15.6 Inch Laptop Compartment, USB Charging Port & Organizer Pocket for Men Women Boys Girls",639,1 Star & Up,8
https://amazon.in/Amazon-Basics-Laptop-Backpack-Repellent/dp/B09W3XLDM2?sbo=RZvfv%2F%2FHxDF%2BO5021pAnSA%3D%3D,Half Moon Large 37L Laptop Bag Backpack for menं Women Boys and Girls Luggage Travel Bags with 17.3 inches Laptop Compartment & Rain Cover,499,4.3 out of 5 stars,642
https://amazon.in/Amazon-Basics-Casual-Backpack-15-6-inch/dp/B09W4WJ1CB?sbo=RZvfv%2F%2FHxDF%2BO5021pAnSA%3D%3D,Shalimar Premium OXO - Biodegradable Garbage Bags (Medium) Size 19 x 21 Inches 4 Rolls 120 Bags Dustbin Bag/Trash Bag - Black Color,"1,108.",4.0 out of 5 stars,422
https://amazon.in/MosQuick%C2%AE-Drawstring-Organizing-Stationery-multipurpose/dp/B09SB5DP5Y?sbo=EO%2BcdOgoisx3waG5xqcZQA%3D%3D,"Half Moon 35L Water Resistant 15.6 inch Laptop Bag/ Backpack, Navy Blue | Office Bag for Men and Women with Padded Laptop Compartment | Rain Cover & Reflective Strips",899,4.3 out of 5 stars,92
https://amazon.in/Amazon-Brand-Presto-Oxo-Biodegradable-Garbage/dp/B08TDCD79P?sbo=RZvfv%2F%2FHxDF%2BO5021pAnSA%3D%3D,"FUR JADEN Anti Theft Number Lock Backpack Bag with 15.6 Inch Laptop Compartment, USB Charging Port & Organizer Pocket for Men Women Boys Girls",499,4.0 out of 5 stars,"1,036"
https://amazon.in/Amazon-Brand-Presto-Oxo-Biodegradable-Garbage/dp/B08TDH2LCP?sbo=RZvfv%2F%2FHxDF%2BO5021pAnSA%3D%3D,Wesley Milestone 2.0 Casual Waterproof Laptop Backpack/Office Bag/School Bag/College Bag/Business Bag/Travel Backpack (Dimensions:13x18 inches) (Compatible with 15.6 inch laptop) 30 L (Blue & black),599,4.2 out of 5 stars,"1,088"
https://amazon.in/Amazon-Brand-Presto-Oxo-Biodegradable-Garbage/dp/B08TDGVLVM?sbo=RZvfv%2F%2FHxDF%2BO5021pAnSA%3D%3D,American Tourister Fizz Large Size 32 Ltrs Casual Backpack (BLACK),359,4.0 out of 5 stars,544
https://amazon.in/Amazon-Brand-Presto-Oxo-Biodegradable-Garbage/dp/B0821PKWBW?sbo=RZvfv%2F%2FHxDF%2BO5021pAnSA%3D%3D,Fur Jaden Brown Textured Leatherette Stylish & Spacious Weekender Duffle Bag for Travel,289,4.2 out of 5 stars,"15,933"
https://amazon.in/Lenovo-15-6-Inches-Everyday-Backpack/dp/B08R7RPVJF,"Lenovo 15.6"" (39.62cm) Slim Everyday Backpack, Made in India, Compact, Water-resistant, Organized storage:Laptop sleeve,tablet pocket,front workstation,2-side pockets,Padded adjustable shoulder straps",389,4.2 out of 5 stars,"5,289"
https://amazon.in/ADISA-BP010-Weight-Casual-Backpack/dp/B07MXL986B,ADISA 32 Ltrs Water Resistant Casual Travel Bagpack/College Backpack/School Office Bag for Men and Women,220,4.2 out of 5 stars,"4,295"
https://amazon.in/Safari-Laptop-Backpack-Raincover-college/dp/B097JH4V5G,"Safari Omega 30L Laptop Backpack with Raincover, school bag for boys and girls, college bag, office bag, travel bag for men and women, Teal",169,4.4 out of 5 stars,165
https://amazon.in/Ezee-Garbage-Bag-inches-Pieces/dp/B06VX8YR6Q,Ezee Black Medium Garbage Bags 90 Pcs | 19 X 21 Inch | 30 Pcs x Pack of 3 | Dustbin Trash Bag,299,4.3 out of 5 stars,"28,709"
https://amazon.in/Wesley-Spartan-Hiking-Raincover-Organiser/dp/B098QFF5TJ,Wesley Spartan Unisex Travel Hiking Laptop Bag fits Upto 17.3 inch with Raincover and Internal Organiser Backpack Rucksack College Bag,325,4.4 out of 5 stars,"1,959"
https://amazon.in/Police-Polyester-laptop-casual-backpack/dp/B09CQ5T3LN,POLICE Backpack for Men Casual Laptop Bag Office/Travel/College 30 LTR Hedge Polyester - Black- Medium,449,3.9 out of 5 stars,"1,339"
https://amazon.in/TRUE-HUMAN-Anti-Theft-backpack-charging/dp/B09QJ7ZF2Y,TRUE HUMAN EMPEROR® Anti-Theft backpack With USB charging Port Laptop bag/Office bag/college bag/travel bag with anti -theft back pocket (LEGEND),374,4.0 out of 5 stars,"2,775"
https://amazon.in/ADISA-BP004-Weight-Casual-Backpack/dp/B07G3CG9FC,ADISA Laptop Backpack 31 Ltrs,469,4.2 out of 5 stars,"9,234"
https://amazon.in/Number-Backpack-Compartment-Charging-Organizer/dp/B09VTDMRY7,"FUR JADEN Anti Theft Number Lock Backpack Bag with 15.6 Inch Laptop Compartment, USB Charging Port & Organizer Pocket for Men Women Boys Girls",699,4.1 out of 5 stars,"6,695"
https://amazon.in/Half-Moon-Backpack-Luggage-Compartment/dp/B09VCLZ3K4,Half Moon Large 37L Laptop Bag Backpack for menं Women Boys and Girls Luggage Travel Bags with 17.3 inches Laptop Compartment & Rain Cover,195,3.8 out of 5 stars,"3,857"
https://amazon.in/Shalimar-Premium-Garbage-Medium-Rolls/dp/B07KT9Q54M,Shalimar Premium OXO - Biodegradable Garbage Bags (Medium) Size 19 x 21 Inches 4 Rolls 120 Bags Dustbin Bag/Trash Bag - Black Color,689,3.7 out of 5 stars,"18,734"
https://amazon.in/Half-Moon-Waterproof-Backpack-Students/dp/B085MHDJ93,"Half Moon 35L Water Resistant 15.6 inch Laptop Bag/ Backpack, Navy Blue | Office Bag for Men and Women with Padded Laptop Compartment | Rain Cover & Reflective Strips",729,4.0 out of 5 stars,"17,623"
https://amazon.in/Number-Backpack-Compartment-Charging-Organizer/dp/B09VTCNN75,"FUR JADEN Anti Theft Number Lock Backpack Bag with 15.6 Inch Laptop Compartment, USB Charging Port & Organizer Pocket for Men Women Boys Girls","1,329",4.1 out of 5 stars,"6,695"
https://amazon.in/Wesley-Milestone-Waterproof-Backpack-Business/dp/B084JGJ8PF,Wesley Milestone 2.0 Casual Waterproof Laptop Backpack/Office Bag/School Bag/College Bag/Business Bag/Travel Backpack (Dimensions:13x18 inches) (Compatible with 15.6 inch laptop) 30 L (Blue & black),999,3.9 out of 5 stars,"13,255"
https://amazon.in/American-Tourister-AMT-SCH-02/dp/B07CJCGM1M,American Tourister Fizz Large Size 32 Ltrs Casual Backpack (BLACK),349,4.5 out of 5 stars,"56,371"
https://amazon.in/FUR-JADEN-Leatherette-Polypropylene-DUFF05/dp/B07M9BRCQ5,Fur Jaden Brown Textured Leatherette Stylish & Spacious Weekender Duffle Bag for Travel,375,3.9 out of 5 stars,"6,894"
https://amazon.in/Amazon-Basics-Laptop-College-Backpack/dp/B0C8NSJ4RD?sbo=RZvfv%2F%2FHxDF%2BO5021pAnSA%3D%3D,"Lenovo 15.6"" (39.62cm) Slim Everyday Backpack, Made in India, Compact, Water-resistant, Organized storage:Laptop sleeve,tablet pocket,front workstation,2-side pockets,Padded adjustable shoulder straps",799,4.1 out of 5 stars,8
https://amazon.in/Amazon-Basics-Laptop-Backpack-Repellent/dp/B09W3XLDM2?sbo=RZvfv%2F%2FHxDF%2BO5021pAnSA%3D%3D,ADISA 32 Ltrs Water Resistant Casual Travel Bagpack/College Backpack/School Office Bag for Men and Women,999,4 Stars & Up,642
https://amazon.in/Amazon-Basics-Casual-Backpack-15-6-inch/dp/B09W4WJ1CB?sbo=RZvfv%2F%2FHxDF%2BO5021pAnSA%3D%3D,"Safari Omega 30L Laptop Backpack with Raincover, school bag for boys and girls, college bag, office bag, travel bag for men and women, Teal",318,3 Stars & Up,422
https://amazon.in/MosQuick%C2%AE-Drawstring-Organizing-Stationery-multipurpose/dp/B09SB5DP5Y?sbo=EO%2BcdOgoisx3waG5xqcZQA%3D%3D,Ezee Black Medium Garbage Bags 90 Pcs | 19 X 21 Inch | 30 Pcs x Pack of 3 | Dustbin Trash Bag,799,2 Stars & Up,92
https://amazon.in/Amazon-Brand-Presto-Oxo-Biodegradable-Garbage/dp/B08TDCD79P?sbo=RZvfv%2F%2FHxDF%2BO5021pAnSA%3D%3D,Wesley Spartan Unisex Travel Hiking Laptop Bag fits Upto 17.3 inch with Raincover and Internal Organiser Backpack Rucksack College Bag,639,1 Star & Up,"1,036"
https://amazon.in/Amazon-Brand-Presto-Oxo-Biodegradable-Garbage/dp/B08TDH2LCP?sbo=RZvfv%2F%2FHxDF%2BO5021pAnSA%3D%3D,POLICE Backpack for Men Casual Laptop Bag Office/Travel/College 30 LTR Hedge Polyester - Black- Medium,499,4.3 out of 5 stars,"1,088"
https://amazon.in/Amazon-Brand-Presto-Oxo-Biodegradable-Garbage/dp/B08TDGVLVM?sbo=RZvfv%2F%2FHxDF%2BO5021pAnSA%3D%3D,TRUE HUMAN EMPEROR® Anti-Theft backpack With USB charging Port Laptop bag/Office bag/college bag/travel bag with anti -theft back pocket (LEGEND),"1,108.",4.0 out of 5 stars,544
https://amazon.in/Amazon-Brand-Presto-Oxo-Biodegradable-Garbage/dp/B0821PKWBW?sbo=RZvfv%2F%2FHxDF%2BO5021pAnSA%3D%3D,ADISA Laptop Backpack 31 Ltrs,899,4.3 out of 5 stars,"15,933"
https://amazon.in/Lenovo-15-6-Inches-Everyday-Backpack/dp/B08R7RPVJF,"FUR JADEN Anti Theft Number Lock Backpack Bag with 15.6 Inch Laptop Compartment, USB Charging Port & Organizer Pocket for Men Women Boys Girls",499,4.0 out of 5 stars,"5,289"
https://amazon.in/ADISA-BP010-Weight-Casual-Backpack/dp/B07MXL986B,Half Moon Large 37L Laptop Bag Backpack for menं Women Boys and Girls Luggage Travel Bags with 17.3 inches Laptop Compartment & Rain Cover,599,4.2 out of 5 stars,"4,295"
https://amazon.in/Safari-Laptop-Backpack-Raincover-college/dp/B097JH4V5G,Shalimar Premium OXO - Biodegradable Garbage Bags (Medium) Size 19 x 21 Inches 4 Rolls 120 Bags Dustbin Bag/Trash Bag - Black Color,359,4.0 out of 5 stars,165
https://amazon.in/Ezee-Garbage-Bag-inches-Pieces/dp/B06VX8YR6Q,"Half Moon 35L Water Resistant 15.6 inch Laptop Bag/ Backpack, Navy Blue | Office Bag for Men and Women with Padded Laptop Compartment | Rain Cover & Reflective Strips",289,4.2 out of 5 stars,"28,709"
https://amazon.in/Wesley-Spartan-Hiking-Raincover-Organiser/dp/B098QFF5TJ,"FUR JADEN Anti Theft Number Lock Backpack Bag with 15.6 Inch Laptop Compartment, USB Charging Port & Organizer Pocket for Men Women Boys Girls",389,4.2 out of 5 stars,"1,959"
https://amazon.in/Police-Polyester-laptop-casual-backpack/dp/B09CQ5T3LN,Wesley Milestone 2.0 Casual Waterproof Laptop Backpack/Office Bag/School Bag/College Bag/Business Bag/Travel Backpack (Dimensions:13x18 inches) (Compatible with 15.6 inch laptop) 30 L (Blue & black),220,4.2 out of 5 stars,"1,339"
https://amazon.in/TRUE-HUMAN-Anti-Theft-backpack-charging/dp/B09QJ7ZF2Y,American Tourister Fizz Large Size 32 Ltrs Casual Backpack (BLACK),169,4.4 out of 5 stars,"2,775"
https://amazon.in/ADISA-BP004-Weight-Casual-Backpack/dp/B07G3CG9FC,Fur Jaden Brown Textured Leatherette Stylish & Spacious Weekender Duffle Bag for Travel,299,4.3 out of 5 stars,"9,234"
https://amazon.in/Number-Backpack-Compartment-Charging-Organizer/dp/B09VTDMRY7,"Lenovo 15.6"" (39.62cm) Slim Everyday Backpack, Made in India, Compact, Water-resistant, Organized storage:Laptop sleeve,tablet pocket,front workstation,2-side pockets,Padded adjustable shoulder straps",325,4.4 out of 5 stars,"6,695"
https://amazon.in/Half-Moon-Backpack-Luggage-Compartment/dp/B09VCLZ3K4,ADISA 32 Ltrs Water Resistant Casual Travel Bagpack/College Backpack/School Office Bag for Men and Women,449,3.9 out of 5 stars,"3,857"
https://amazon.in/Shalimar-Premium-Garbage-Medium-Rolls/dp/B07KT9Q54M,"Safari Omega 30L Laptop Backpack with Raincover, school bag for boys and girls, college bag, office bag, travel bag for men and women, Teal",374,4.0 out of 5 stars,"18,734"
https://amazon.in/Half-Moon-Waterproof-Backpack-Students/dp/B085MHDJ93,Ezee Black Medium Garbage Bags 90 Pcs | 19 X 21 Inch | 30 Pcs x Pack of 3 | Dustbin Trash Bag,469,4.2 out of 5 stars,"17,623"
https://amazon.in/Number-Backpack-Compartment-Charging-Organizer/dp/B09VTCNN75,Wesley Spartan Unisex Travel Hiking Laptop Bag fits Upto 17.3 inch with Raincover and Internal Organiser Backpack Rucksack College Bag,699,4.1 out of 5 stars,"6,695"
https://amazon.in/Wesley-Milestone-Waterproof-Backpack-Business/dp/B084JGJ8PF,POLICE Backpack for Men Casual Laptop Bag Office/Travel/College 30 LTR Hedge Polyester - Black- Medium,195,3.8 out of 5 stars,"13,255"
https://amazon.in/American-Tourister-AMT-SCH-02/dp/B07CJCGM1M,TRUE HUMAN EMPEROR® Anti-Theft backpack With USB charging Port Laptop bag/Office bag/college bag/travel bag with anti -theft back pocket (LEGEND),689,3.7 out of 5 stars,"56,371"
https://amazon.in/FUR-JADEN-Leatherette-Polypropylene-DUFF05/dp/B07M9BRCQ5,ADISA Laptop Backpack 31 Ltrs,729,4.0 out of 5 stars,"6,894"
https://amazon.in/Amazon-Basics-Laptop-College-Backpack/dp/B0C8NSJ4RD?sbo=RZvfv%2F%2FHxDF%2BO5021pAnSA%3D%3D,"FUR JADEN Anti Theft Number Lock Backpack Bag with 15.6 Inch Laptop Compartment, USB Charging Port & Organizer Pocket for Men Women Boys Girls","1,329",4.1 out of 5 stars,8
https://amazon.in/Amazon-Basics-Laptop-Backpack-Repellent/dp/B09W3XLDM2?sbo=RZvfv%2F%2FHxDF%2BO5021pAnSA%3D%3D,Half Moon Large 37L Laptop Bag Backpack for menं Women Boys and Girls Luggage Travel Bags with 17.3 inches Laptop Compartment & Rain Cover,999,3.9 out of 5 stars,642
https://amazon.in/Amazon-Basics-Casual-Backpack-15-6-inch/dp/B09W4WJ1CB?sbo=RZvfv%2F%2FHxDF%2BO5021pAnSA%3D%3D,Shalimar Premium OXO - Biodegradable Garbage Bags (Medium) Size 19 x 21 Inches 4 Rolls 120 Bags Dustbin Bag/Trash Bag - Black Color,349,4.5 out of 5 stars,422
https://amazon.in/MosQuick%C2%AE-Drawstring-Organizing-Stationery-multipurpose/dp/B09SB5DP5Y?sbo=EO%2BcdOgoisx3waG5xqcZQA%3D%3D,"Half Moon 35L Water Resistant 15.6 inch Laptop Bag/ Backpack, Navy Blue | Office Bag for Men and Women with Padded Laptop Compartment | Rain Cover & Reflective Strips",375,3.9 out of 5 stars,92
https://amazon.in/Amazon-Brand-Presto-Oxo-Biodegradable-Garbage/dp/B08TDCD79P?sbo=RZvfv%2F%2FHxDF%2BO5021pAnSA%3D%3D,"FUR JADEN Anti Theft Number Lock Backpack Bag with 15.6 Inch Laptop Compartment, USB Charging Port & Organizer Pocket for Men Women Boys Girls",799,4.1 out of 5 stars,"1,036"
https://amazon.in/Amazon-Brand-Presto-Oxo-Biodegradable-Garbage/dp/B08TDH2LCP?sbo=RZvfv%2F%2FHxDF%2BO5021pAnSA%3D%3D,Wesley Milestone 2.0 Casual Waterproof Laptop Backpack/Office Bag/School Bag/College Bag/Business Bag/Travel Backpack (Dimensions:13x18 inches) (Compatible with 15.6 inch laptop) 30 L (Blue & black),999,4 Stars & Up,"1,088"
https://amazon.in/Amazon-Brand-Presto-Oxo-Biodegradable-Garbage/dp/B08TDGVLVM?sbo=RZvfv%2F%2FHxDF%2BO5021pAnSA%3D%3D,American Tourister Fizz Large Size 32 Ltrs Casual Backpack (BLACK),318,3 Stars & Up,544
https://amazon.in/Amazon-Brand-Presto-Oxo-Biodegradable-Garbage/dp/B0821PKWBW?sbo=RZvfv%2F%2FHxDF%2BO5021pAnSA%3D%3D,Fur Jaden Brown Textured Leatherette Stylish & Spacious Weekender Duffle Bag for Travel,799,2 Stars & Up,"15,933"
https://amazon.in/Lenovo-15-6-Inches-Everyday-Backpack/dp/B08R7RPVJF,"Lenovo 15.6"" (39.62cm) Slim Everyday Backpack, Made in India, Compact, Water-resistant, Organized storage:Laptop sleeve,tablet pocket,front workstation,2-side pockets,Padded adjustable shoulder straps",639,1 Star & Up,"5,289"
https://amazon.in/ADISA-BP010-Weight-Casual-Backpack/dp/B07MXL986B,ADISA 32 Ltrs Water Resistant Casual Travel Bagpack/College Backpack/School Office Bag for Men and Women,499,4.3 out of 5 stars,"4,295"
https://amazon.in/Safari-Laptop-Backpack-Raincover-college/dp/B097JH4V5G,"Safari Omega 30L Laptop Backpack with Raincover, school bag for boys and girls, college bag, office bag, travel bag for men and women, Teal","1,108.",4.0 out of 5 stars,165
https://amazon.in/Ezee-Garbage-Bag-inches-Pieces/dp/B06VX8YR6Q,Ezee Black Medium Garbage Bags 90 Pcs | 19 X 21 Inch | 30 Pcs x Pack of 3 | Dustbin Trash Bag,899,4.3 out of 5 stars,"28,709"
https://amazon.in/Wesley-Spartan-Hiking-Raincover-Organiser/dp/B098QFF5TJ,Wesley Spartan Unisex Travel Hiking Laptop Bag fits Upto 17.3 inch with Raincover and Internal Organiser Backpack Rucksack College Bag,499,4.0 out of 5 stars,"1,959"
https://amazon.in/Police-Polyester-laptop-casual-backpack/dp/B09CQ5T3LN,POLICE Backpack for Men Casual Laptop Bag Office/Travel/College 30 LTR Hedge Polyester - Black- Medium,599,4.2 out of 5 stars,"1,339"
https://amazon.in/TRUE-HUMAN-Anti-Theft-backpack-charging/dp/B09QJ7ZF2Y,TRUE HUMAN EMPEROR® Anti-Theft backpack With USB charging Port Laptop bag/Office bag/college bag/travel bag with anti -theft back pocket (LEGEND),359,4.0 out of 5 stars,"2,775"
https://amazon.in/ADISA-BP004-Weight-Casual-Backpack/dp/B07G3CG9FC,ADISA Laptop Backpack 31 Ltrs,289,4.2 out of 5 stars,"9,234"
https://amazon.in/Number-Backpack-Compartment-Charging-Organizer/dp/B09VTDMRY7,"FUR JADEN Anti Theft Number Lock Backpack Bag with 15.6 Inch Laptop Compartment, USB Charging Port & Organizer Pocket for Men Women Boys Girls",389,4.2 out of 5 stars,"6,695"
https://amazon.in/Half-Moon-Backpack-Luggage-Compartment/dp/B09VCLZ3K4,Half Moon Large 37L Laptop Bag Backpack for menं Women Boys and Girls Luggage Travel Bags with 17.3 inches Laptop Compartment & Rain Cover,220,4.2 out of 5 stars,"3,857"
https://amazon.in/Shalimar-Premium-Garbage-Medium-Rolls/dp/B07KT9Q54M,Shalimar Premium OXO - Biodegradable Garbage Bags (Medium) Size 19 x 21 Inches 4 Rolls 120 Bags Dustbin Bag/Trash Bag - Black Color,169,4.4 out of 5 stars,"18,734"
https://amazon.in/Half-Moon-Waterproof-Backpack-Students/dp/B085MHDJ93,"Half Moon 35L Water Resistant 15.6 inch Laptop Bag/ Backpack, Navy Blue | Office Bag for Men and Women with Padded Laptop Compartment | Rain Cover & Reflective Strips",299,4.3 out of 5 stars,"17,623"
https://amazon.in/Number-Backpack-Compartment-Charging-Organizer/dp/B09VTCNN75,"FUR JADEN Anti Theft Number Lock Backpack Bag with 15.6 Inch Laptop Compartment, USB Charging Port & Organizer Pocket for Men Women Boys Girls",325,4.4 out of 5 stars,"6,695"
https://amazon.in/Wesley-Milestone-Waterproof-Backpack-Business/dp/B084JGJ8PF,Wesley Milestone 2.0 Casual Waterproof Laptop Backpack/Office Bag/School Bag/College Bag/Business Bag/Travel Backpack (Dimensions:13x18 inches) (Compatible with 15.6 inch laptop) 30 L (Blue & black),449,3.9 out of 5 stars,"13,255"
https://amazon.in/American-Tourister-AMT-SCH-02/dp/B07CJCGM1M,American Tourister Fizz Large Size 32 Ltrs Casual Backpack (BLACK),374,4.0 out of 5 stars,"56,371"
https://amazon.in/FUR-JADEN-Leatherette-Polypropylene-DUFF05/dp/B07M9BRCQ5,Fur Jaden Brown Textured Leatherette Stylish & Spacious Weekender Duffle Bag for Travel,469,4.2 out of 5 stars,"6,894"
https://amazon.in/Amazon-Basics-Laptop-College-Backpack/dp/B0C8NSJ4RD?sbo=RZvfv%2F%2FHxDF%2BO5021pAnSA%3D%3D,"Lenovo 15.6"" (39.62cm) Slim Everyday Backpack, Made in India, Compact, Water-resistant, Organized storage:Laptop sleeve,tablet pocket,front workstation,2-side pockets,Padded adjustable shoulder straps",699,4.1 out of 5 stars,8
https://amazon.in/Amazon-Basics-Laptop-Backpack-Repellent/dp/B09W3XLDM2?sbo=RZvfv%2F%2FHxDF%2BO5021pAnSA%3D%3D,ADISA 32 Ltrs Water Resistant Casual Travel Bagpack/College Backpack/School Office Bag for Men and Women,195,3.8 out of 5 stars,642
https://amazon.in/Amazon-Basics-Casual-Backpack-15-6-inch/dp/B09W4WJ1CB?sbo=RZvfv%2F%2FHxDF%2BO5021pAnSA%3D%3D,"Safari Omega 30L Laptop Backpack with Raincover, school bag for boys and girls, college bag, office bag, travel bag for men and women, Teal",689,3.7 out of 5 stars,422
https://amazon.in/MosQuick%C2%AE-Drawstring-Organizing-Stationery-multipurpose/dp/B09SB5DP5Y?sbo=EO%2BcdOgoisx3waG5xqcZQA%3D%3D,Ezee Black Medium Garbage Bags 90 Pcs | 19 X 21 Inch | 30 Pcs x Pack of 3 | Dustbin Trash Bag,729,4.0 out of 5 stars,92
https://amazon.in/Amazon-Brand-Presto-Oxo-Biodegradable-Garbage/dp/B08TDCD79P?sbo=RZvfv%2F%2FHxDF%2BO5021pAnSA%3D%3D,Wesley Spartan Unisex Travel Hiking Laptop Bag fits Upto 17.3 inch with Raincover and Internal Organiser Backpack Rucksack College Bag,"1,329",4.1 out of 5 stars,"1,036"
https://amazon.in/Amazon-Brand-Presto-Oxo-Biodegradable-Garbage/dp/B08TDH2LCP?sbo=RZvfv%2F%2FHxDF%2BO5021pAnSA%3D%3D,POLICE Backpack for Men Casual Laptop Bag Office/Travel/College 30 LTR Hedge Polyester - Black- Medium,999,3.9 out of 5 stars,"1,088"
https://amazon.in/Amazon-Brand-Presto-Oxo-Biodegradable-Garbage/dp/B08TDGVLVM?sbo=RZvfv%2F%2FHxDF%2BO5021pAnSA%3D%3D,TRUE HUMAN EMPEROR® Anti-Theft backpack With USB charging Port Laptop bag/Office bag/college bag/travel bag with anti -theft back pocket (LEGEND),349,4.5 out of 5 stars,544
https://amazon.in/Amazon-Brand-Presto-Oxo-Biodegradable-Garbage/dp/B0821PKWBW?sbo=RZvfv%2F%2FHxDF%2BO5021pAnSA%3D%3D,ADISA Laptop Backpack 31 Ltrs,375,3.9 out of 5 stars,"15,933"
https://amazon.in/Lenovo-15-6-Inches-Everyday-Backpack/dp/B08R7RPVJF,"FUR JADEN Anti Theft Number Lock Backpack Bag with 15.6 Inch Laptop Compartment, USB Charging Port & Organizer Pocket for Men Women Boys Girls",799,4.1 out of 5 stars,"5,289"
https://amazon.in/ADISA-BP010-Weight-Casual-Backpack/dp/B07MXL986B,Half Moon Large 37L Laptop Bag Backpack for menं Women Boys and Girls Luggage Travel Bags with 17.3 inches Laptop Compartment & Rain Cover,999,4 Stars & Up,"4,295"
https://amazon.in/Safari-Laptop-Backpack-Raincover-college/dp/B097JH4V5G,Shalimar Premium OXO - Biodegradable Garbage Bags (Medium) Size 19 x 21 Inches 4 Rolls 120 Bags Dustbin Bag/Trash Bag - Black Color,318,3 Stars & Up,165
https://amazon.in/Ezee-Garbage-Bag-inches-Pieces/dp/B06VX8YR6Q,"Half Moon 35L Water Resistant 15.6 inch Laptop Bag/ Backpack, Navy Blue | Office Bag for Men and Women with Padded Laptop Compartment | Rain Cover & Reflective Strips",799,2 Stars & Up,"28,709"
https://amazon.in/Wesley-Spartan-Hiking-Raincover-Organiser/dp/B098QFF5TJ,"FUR JADEN Anti Theft Number Lock Backpack Bag with 15.6 Inch Laptop Compartment, USB Charging Port & Organizer Pocket for Men Women Boys Girls",639,1 Star & Up,"1,959"
https://amazon.in/Police-Polyester-laptop-casual-backpack/dp/B09CQ5T3LN,Wesley Milestone 2.0 Casual Waterproof Laptop Backpack/Office Bag/School Bag/College Bag/Business Bag/Travel Backpack (Dimensions:13x18 inches) (Compatible with 15.6 inch laptop) 30 L (Blue & black),499,4.3 out of 5 stars,"1,339"
https://amazon.in/TRUE-HUMAN-Anti-Theft-backpack-charging/dp/B09QJ7ZF2Y,American Tourister Fizz Large Size 32 Ltrs Casual Backpack (BLACK),"1,108.",4.0 out of 5 stars,"2,775"
https://amazon.in/ADISA-BP004-Weight-Casual-Backpack/dp/B07G3CG9FC,Fur Jaden Brown Textured Leatherette Stylish & Spacious Weekender Duffle Bag for Travel,899,4.3 out of 5 stars,"9,234"
https://amazon.in/Number-Backpack-Compartment-Charging-Organizer/dp/B09VTDMRY7,"Lenovo 15.6"" (39.62cm) Slim Everyday Backpack, Made in India, Compact, Water-resistant, Organized storage:Laptop sleeve,tablet pocket,front workstation,2-side pockets,Padded adjustable shoulder straps",499,4.0 out of 5 stars,"6,695"
https://amazon.in/Half-Moon-Backpack-Luggage-Compartment/dp/B09VCLZ3K4,ADISA 32 Ltrs Water Resistant Casual Travel Bagpack/College Backpack/School Office Bag for Men and Women,599,4.2 out of 5 stars,"3,857"
https://amazon.in/Shalimar-Premium-Garbage-Medium-Rolls/dp/B07KT9Q54M,"Safari Omega 30L Laptop Backpack with Raincover, school bag for boys and girls, college bag, office bag, travel bag for men and women, Teal",359,4.0 out of 5 stars,"18,734"
https://amazon.in/Half-Moon-Waterproof-Backpack-Students/dp/B085MHDJ93,Ezee Black Medium Garbage Bags 90 Pcs | 19 X 21 Inch | 30 Pcs x Pack of 3 | Dustbin Trash Bag,289,4.2 out of 5 stars,"17,623"
https://amazon.in/Number-Backpack-Compartment-Charging-Organizer/dp/B09VTCNN75,Wesley Spartan Unisex Travel Hiking Laptop Bag fits Upto 17.3 inch with Raincover and Internal Organiser Backpack Rucksack College Bag,389,4.2 out of 5 stars,"6,695"
https://amazon.in/Wesley-Milestone-Waterproof-Backpack-Business/dp/B084JGJ8PF,POLICE Backpack for Men Casual Laptop Bag Office/Travel/College 30 LTR Hedge Polyester - Black- Medium,220,4.2 out of 5 stars,"13,255"
https://amazon.in/American-Tourister-AMT-SCH-02/dp/B07CJCGM1M,TRUE HUMAN EMPEROR® Anti-Theft backpack With USB charging Port Laptop bag/Office bag/college bag/travel bag with anti -theft back pocket (LEGEND),169,4.4 out of 5 stars,"56,371"
https://amazon.in/FUR-JADEN-Leatherette-Polypropylene-DUFF05/dp/B07M9BRCQ5,ADISA Laptop Backpack 31 Ltrs,299,4.3 out of 5 stars,"6,894"
https://amazon.in/Amazon-Basics-Laptop-College-Backpack/dp/B0C8NSJ4RD?sbo=RZvfv%2F%2FHxDF%2BO5021pAnSA%3D%3D,"FUR JADEN Anti Theft Number Lock Backpack Bag with 15.6 Inch Laptop Compartment, USB Charging Port & Organizer Pocket for Men Women Boys Girls",325,4.4 out of 5 stars,8
https://amazon.in/Amazon-Basics-Laptop-Backpack-Repellent/dp/B09W3XLDM2?sbo=RZvfv%2F%2FHxDF%2BO5021pAnSA%3D%3D,Half Moon Large 37L Laptop Bag Backpack for menं Women Boys and Girls Luggage Travel Bags with 17.3 inches Laptop Compartment & Rain Cover,449,3.9 out of 5 stars,642
https://amazon.in/Amazon-Basics-Casual-Backpack-15-6-inch/dp/B09W4WJ1CB?sbo=RZvfv%2F%2FHxDF%2BO5021pAnSA%3D%3D,Shalimar Premium OXO - Biodegradable Garbage Bags (Medium) Size 19 x 21 Inches 4 Rolls 120 Bags Dustbin Bag/Trash Bag - Black Color,374,4.0 out of 5 stars,422
https://amazon.in/MosQuick%C2%AE-Drawstring-Organizing-Stationery-multipurpose/dp/B09SB5DP5Y?sbo=EO%2BcdOgoisx3waG5xqcZQA%3D%3D,"Half Moon 35L Water Resistant 15.6 inch Laptop Bag/ Backpack, Navy Blue | Office Bag for Men and Women with Padded Laptop Compartment | Rain Cover & Reflective Strips",469,4.2 out of 5 stars,92
https://amazon.in/Amazon-Brand-Presto-Oxo-Biodegradable-Garbage/dp/B08TDCD79P?sbo=RZvfv%2F%2FHxDF%2BO5021pAnSA%3D%3D,"FUR JADEN Anti Theft Number Lock Backpack Bag with 15.6 Inch Laptop Compartment, USB Charging Port & Organizer Pocket for Men Women Boys Girls",699,4.1 out of 5 stars,"1,036"
